genus , CountAnthocephala,0
Cacatuidae hybrid,1
Hoehneella,1
Pyrroglaux,1
Agrias,1
Auxopus,1
Acrocephalus,1
Penkimia,1
Gavilea,1
Puna,1
Cheiradenia,1
Entomophobia,1
Traunsteinera,1
Umbellapathes,1
Dinklageella,1
Warreella,1
Wullschlaegelia,1
Thaia,1
Pseudomys,1
Idiurus,1
Melampitta,1
Dilochiopsis,1
Porphyrodesme,1
Cyclohelia,1
Jubula,1
Rhaesteria,1
Draconanthes,1
Anopetia,1
Frailea hybrid,1
Solanum,1
Endocyathopora,1
Hylonympha,1
Caprolagus,1
Geesinkorchis,1
Taphrolesbia,1
Triadopathes,1
Lycocorax,1
Caluera,1
Pliobothrus,1
Xeromys,1
Stereosandra,1
Physogyne,1
Cyanaeorchis,1
Oxypogon,1
Neobolusia,2
Erythrorchis,2
Stylantheca,2
Seegeriella,2
Diceratostele,2
Didymoplexiella,2
Dendrogale,2
Dendropathes,2
Tetrapathes,2
Ponthieva hybrid,2
Limnonectes,2
Pedionomus,2
Nadzikambia,2
Balmea,2
Lexingtonia,2
Aglossorrhyncha,2
Polyradicion,2
Plethobasus,2
Megalorchis,2
Limodorum,2
Uroglaux,2
Cyathelia,2
Hynobius,2
Spiculaea,2
Heliopathes,2
Tetraogallus,2
Indophyllia,2
Bathypsammia,2
Sporadopora,2
Forficaria,2
Lariscus,2
Cottonia,2
Gyrosmilia,2
Macgregoria,2
Pacherocactus,2
Tringa,2
Xenoglaux,3
Elatopathes,3
Galeoglossum,3
Terpsiphone,3
Phoenix,3
Ctenella,3
Rauhiella,3
Dracomonticola,3
Caloperdix,3
Porphyroglottis,3
Myrosmodes,3
Hoplocephalus,3
Erythrura,3
Hapalorchis,3
Placotrochus,3
Morenia,3
Lipotes,3
Hammarbya,3
Pleotrochus,3
Buchtienia,3
Rungwecebus,3
Pseudogoodyera,3
Leptopenus,3
Phanopathes,3
Centrogenium,4
Perameles,4
Rhombopsammia,4
Gymnoglaux,4
Bolyeria,4
Leptolebias,4
Dryocopus,4
Prasophyllum,4
Eloyella,4
Megatriorchis,4
Huttonaea,4
Mokopirirakau,4
Cyathotrochus,4
Tropidocyathus,4
Loddigesia,4
Daiotyla,4
Altiphrynoides,4
Lagostrophus,4
Parmoptila,4
Acrorchis,4
Campephilus,4
Yoania,4
Calochilus,4
Sypheotides,4
Platycoryne,5
Dryotriorchis,5
Vargasiella,5
Turbinolia,5
Tsaiorchis,5
Urosticte,5
Strophocactus,5
Rafetus,5
Dasmosmilia,5
Hydrophis,5
Cybebus,5
Clematepistephium,5
Mino,5
Mesadenus,5
Helleriella,5
Hederorkis,5
Oxysmilia,5
Dactylocnemis,5
Colangia,5
Quadrula,5
Fusconaia,6
Saropathes,6
Microstilbon,6
Tympanuchus,6
Augastes,6
Nesasio,6
Tylostigma,6
Labyrinthocyathus,6
Codonorchis,6
Atelerix,6
Microchera,6
Xanthopsar,6
Minyobates,6
Morpho,6
Pteroglossa,6
Schistotylus,7
Eutriorchis,7
Jostia,7
Pseudocentrum,7
Hoplangia,7
Ictinaetus,7
Ascidieria,7
Erythrotriorchis,7
Ducula,7
Atrophaneura,7
Solenocentrum,7
Boninastrea,7
Clytolaema,7
Sauroglossum,7
Bufo,8
Quisqueya,8
Woodworthia,8
Grahamia,8
Galeottiella,8
Mimizuku,8
Prepona,8
Larus,8
Hexalectris,8
Lasiorhinus,8
Adelopora,8
Rhipidipathes,8
Villosa,8
Phacelocyathus,8
Semioptera,8
Monosepalum,8
Parasimplastrea,8
Ridleyella,8
Phalangopora,8
Hormidium,9
Brownleea,9
Leocereus,9
Lophoictinia,9
Culcita,9
Crossoglossa,9
Phonygammus,9
Coilochilus,9
Polypodium,10
Procnias,10
Incilius,10
Arborophila,10
Orchidantha,10
Platylepis,10
Semnornis,10
Acrolophia,10
Oberonia hybrid,10
Sminthopsis,10
Sirhookera,10
Lecanorchis,10
Oroaetus,10
Stenoptera,10
Poritipora,11
Ptilocercus,11
Nopalea,11
Arethusa,11
Lochmaeotrochus,11
Pterostemma,11
Steveniella,11
Orthoceras,11
Didymoplexis,11
Oulangia,11
Barombia,11
Chelictinia,11
Pseudovanilla,12
Pseudemydura,12
Gunnarella,12
Yungasocereus,12
Palmorchis,12
Allonautilus,12
Ptilinopus,12
Testudinidae hybrid,12
Ramphodon,12
Anomalospiza,13
Adrorhizon,13
Cribbia,13
Australocyathus,13
Lanthanotus,13
Thecopsammia,13
Chondrohierax,13
Laticauda,14
Rieppeleon,14
Ognorhynchus,14
Discosura,14
Androdon,14
Lasiocereus,14
Exiliboa,14
Calymmanthera,14
Orthorhyncus,15
Endopachys,15
Chamaegastrodia,15
Schizochilus,15
Systemapora,15
Yavia,16
Panterpe,16
Idiotrochus,16
Cryptobranchus,16
Holcotrochus,16
Macrocephalon,16
Hoplodactylus,17
Taprobanea,17
Rhynchotus,17
Achillides,17
Physophyllia,17
Deltocyathoides,17
Bassaricyon,17
Lepidogyne,17
Alatotrochus,17
Leptodon,17
Beloglottis,17
Manniella,17
Anomocora,17
Paraclavarina,18
Dunocyathus,18
Pteridopathes,18
Notocyathus,19
Epioblasma,19
Rhizothera,19
Epipogium,19
Pezoporus,19
Epistephium,19
Lophostrix,20
Schizopathes,20
Gynoglottis,20
Pittosporum,20
Sirindhornia,20
Microepidendrum,20
Allopathes,20
Neurergus,20
Opisthoprora,20
Pseudocirrhipathes,20
Pyrorchis,20
Echinorhyncha,20
Burnettia,20
Drepanornis,20
Saccoglossum,20
Pseudoacanthocereus,21
Numenius,21
Macropus,21
Basiphyllaea,21
Morphnus,21
Urochroa,21
Heliactin,21
Elvira,22
Asteriopathes,22
Hamirostra,22
Coccineorchis,22
Leptosittaca,23
Pseudocyathoceras,23
Sitta,23
Claderia,23
Spizastur,23
Nannopsittaca,23
Gampsonyx,24
Stylopathes,24
Zoothera,24
Euoticus,24
Mobilabium,24
Eggelingia,24
Paryphanta,25
Bulleyia,25
Urotriorchis,25
Byblis,25
Lesliea,26
Potamilus,26
Drymoanthus,26
Penelopina,26
Spiziapteryx,26
Triphora,26
Pucrasia,26
Aporostylis,26
Horichia,28
Burhinus,28
Onychogalea,28
Tilmatura,28
Montigyra,28
Psittacella,28
Errinopsis,28
Diglyphosa,29
Papillilabium,29
Imerinaea,29
Paradigalla,29
Aulocyathus,29
Graphium,29
Trochopsammia,29
Simplastrea,30
Geranospiza,30
Rheobatrachus,30
Blastotrochus,30
Genyorchis,30
Goldmania,30
Manucodia,30
Tanacetipathes,31
Agelastes,31
Sibopathes,31
Horastrea,31
Daptrius,32
Bourneotrochus,32
Cantharellus,32
Bonniera,32
Nigritella,32
Cissa,32
Macrotis,33
Melanoperdix,33
Cynanthus,34
Foveolocyathus,34
Caryocar,34
Dickasonia,34
Busarellus,34
Cynogale,34
Stylaraea,34
Micrathene,34
Rhoptropella,34
Amietophrynus,35
Thrypticotrochus,35
Cotinga,35
Kreodanthus,35
Lichenostomus,35
Gyropora,35
Epicranthes,36
Tetracentron,36
Corycium,36
Calymmanthium,37
Corallorhiza,37
Dromus,37
Casuarius,37
Cnemidaria,37
Elanoides,37
Lepidopyga,38
Selenidera,38
Tangara,38
Rheinardia,38
Chaetophractus,39
Cyrtosia,39
Eulampis,39
Sertifera,39
Ichthyophaga,39
Pseuderia,39
Callista,40
Jejewoodia,40
Picathartes,40
Hillopathes,40
Laotriton,41
Aulosepalum,41
Benthamia,41
Schizodium,41
Stenocyathus,41
Loboparadisea,42
Stolzia,42
Pholidornis,42
Vaughanella,42
Peristeranthus,42
Phlogophilus,43
Galeola,43
Nymphicus,43
Mycteria,43
Allocebus,43
Campanulorchis,44
Ibycter,44
Samaipaticereus,44
Summerhayesia,45
Calothorax,45
Pedilochilus,45
Berenicornis,46
Grandiphyllum,46
Pterichis,46
Hyemoschus,47
Bracisepalum,47
Crocodilurus,47
Caperea,47
Phodilus,47
Conotrochus,47
Errinopora,47
Thylacinus,48
Rostrhamus,48
Aylostera,48
Probarbus,48
Sphyrarhynchus,49
Arctocebus,49
Brachycereus,50
Ninurta,50
Placotrochides,50
Baronia,50
Adenium,50
Dyakia hybrid,50
Henicopernis,50
Kozlowia,50
Hagsatera,50
Psilochilus,51
Atrichornis,51
Muntiacus,51
Nephrangis,51
Thalamophyllia,52
Rhizanthella,52
Trachyboa,52
Mesadenella,52
Sarcanthopsis,52
Goniocorella,53
Jasminocereus,53
Listrostachys,53
Zaglossus,53
Mellisuga,53
Stephanothelys,54
Tasmacetus,54
Nothodoritis,54
Houbaropsis,54
Eltroplectris,55
Dactylostalix,55
Acanthopathes,56
Colophon,56
Holothrix,57
Rhinerrhizopsis,58
Anomastraea,59
Simias,60
Isotria,60
Camelus,60
Xipholena,61
Orothamnus,61
Orchipedum,62
Morangaya,63
Rhynchogyna,63
Bunopithecus,63
Ceratotrochus,65
Pygmaeorchis,65
Psychopsiella,66
Macheiramphus,67
Ictinia,67
Harrisella,67
Ephippianthus,68
Achlydosa,70
Tamayorkis,70
Taphrospilus,71
Eriaxis,71
Salamandra,72
Saundersia,72
Trudelia,72
Polymita,72
Himantoglossum,72
Ceraria,74
Conocyathus,74
Pachyplectron,74
Armodorum,74
Baillonius,74
Sauromalus,74
Astraeosmilia,75
Coenosmilia,75
Hapalopsittaca,76
Tropidia,76
Cyprogenia,76
Doricha,76
Tetrax,77
Oxystophyllum,77
Platytrochus,77
Ciccaba,77
Aphyllorchis,78
Stellula,78
Harpagus,79
Rhizopsammia,80
Pleurobema,80
Cumarinia,80
Baskervilla,82
Aviceda,82
Chrysolampis,82
Euryblema,83
Myrmia,84
Sphiggurus,84
Orycteropus,84
Culicia,87
Cnemophilus,87
Herpetotheres,87
Monomyces,88
Chamaeanthus,88
Stephanoxis,88
Tetracerus,90
Epiblastus,92
Antipathella,93
Hedychium,93
Ponera,96
Sciurus,96
Kionotrochus,97
Abyssopathes,97
Eriochilus,97
Achatinella,98
Rhabdophis,100
Xiphophorus,100
Naultinus,100
Nactus,102
Codonosiphon,102
Leptotila,102
Drakaea,103
Pterygodium,103
Arachnopathes,104
Phyllangia,104
Sphenotrochus,104
Trissopathes,105
Anoxypristis,106
Pterophanes,106
Ungaliophis,106
Abeillia,106
Lissotis,107
Prionodon,107
Cochoa,108
Eupherusa,108
Gasteria,108
Miqueliopuntia,109
Polymyces,109
Aeridostachya,110
Pseudosiderastrea,110
Vitekorchis,111
Leptoceras,111
Schizocyathus,111
Cycloderma,111
Tylopathes,112
Klais,113
Platanista,113
Neotinea,114
Herpysma,114
Sappho,114
Orleanesia,114
Lemurella,115
Ascocentropsis,115
Vrydagzynea,116
Isophyllastrea,117
Lillipathes,117
Gnetum,118
Ixyophora,121
Galictis,121
Notomys,122
Taxipathes,122
Paratrygon,123
Megastylis,123
Cephalopterus,124
Atthis,125
Oliveriana,127
Lemurorchis,127
Aphantochroa,129
Ithaginis,129
Corymborkis,130
Protea,130
Cladangia,130
Esmeralda,131
Graydidascalus,133
Loefgrenianthus,134
Herminium,134
Peponocyathus,135
Anorrhinus,135
Bubalornis,137
Ceratandra,138
Conradilla,139
Cryptopylos,142
Afrotis,143
Topaza,143
Trimeresurus,143
Hetaeria,145
Myrmechis,146
Hemicordylus,146
Lymanbensonia,149
Harpyhaliaetus,150
Ypsilopus,150
Telmatobius,150
Seleucidis,150
Dilomilis,151
Schistes,153
Ramphomicron,153
Matucana hybrid,153
Cryptotrochus,154
Cabassous,154
Dilochia,154
Charina,154
Gonatostylis,155
Ensifera,155
Polytmus,156
Earina,157
Pachystoma,159
Dusicyon,160
Gomphichis,164
Priodontes,165
Liocichla,165
Hemigalus,167
Saccolabiopsis,169
Altensteinia,169
Notyliopsis,169
Oreonympha,169
Changnienia,170
Asturina,174
Lamprolaima,174
Rauhocereus,176
Monophyllorchis,178
Platyrrhinus,178
Aplectrum,179
Trevoria,179
Loris,181
Anthemiphyllia,181
Paraconotrochus,182
Touit,183
Pseudois,184
Lepidotheca,187
Octarrhena,188
Jabiru,191
Neuwiedia,193
Calyptopora,194
Systeloglossum,194
Eurystyles,194
Langaha,194
Pipile,195
Thysanoglossa,195
Lygodactylus,200
Oreophasis,201
Tacinga,202
Anomalurus,202
Melursus,202
Decarya,203
Gallirallus,203
Zoopilus,204
Barlia,204
Uncifera,204
Eupleres,204
Hartwegia,205
Rhodonessa,207
Pithecophaga,210
Micropsitta,213
Porthidium,213
Quekettia,214
Diphyllodes,215
Schizoculina,215
Indopacetus,215
Acrochaene,219
Pardofelis,220
Disperis,220
Leucopternis,221
Nilssonia,223
Pharomachrus,223
Agkistrodon,224
Ancistrorhynchus,224
Porphyrostachys,226
Frondaria,227
Microcycas,229
Sarcoramphus,229
Pavonia,230
Fossa,230
Govenia,232
Cynops,233
Lafresnaya,236
Pelecanus,237
Hyaena,238
Lepidopora,241
Cleistes,242
Scotopelia,243
Choromytilus,243
Rhomboda,244
Chrysopathes,244
Platymiscium,246
Boissonneaua,247
Micronisus,247
Sternoclyta,251
Otostylis,252
Polyboroides,254
Pereskiopsis,255
Cladocora,257
Margelliantha,257
Cheirostylis,257
Podarcis,262
Allenopithecus,262
Oreonax,263
Haliastur,264
Premocyathus,265
Calliphlox,267
Hintonella,267
Catagonus,268
Melierax,271
Cicinnurus,271
Chrysolophus,272
Sacoila,273
Lyperanthus,274
Rhinerrhiza,274
Phaner,274
Echinosepala,275
Cyrtochiloides,279
Rhizosmilia,280
Pilophyllum,280
Punotia,286
Geckolepis,286
Eriodes,287
Cnemidophorus,288
Guynia,289
Epimachus,290
Conraua,290
Chaetocercus,291
Braemia,291
Dactylotrochus,292
Mitu,298
Basilinna,299
Chrysuronia,299
Astya,300
Ptiloris,301
Calypte,301
Sephanoides,303
Hydrictis,303
Letepsammia,304
Lophornis,304
Paguma,312
Damophila,313
Teinopalpus,313
Cyrtostylis,313
Cryptarrhena,314
Cranichis,315
Heliomaster,316
Bonatea,316
Rhinoplax,320
Micrastur,320
Abronia,322
Cyrtonyx,322
Stenohelia,323
Ania,324
Ipsea,329
Calloselasma,330
Rhynochetos,331
Rhinopithecus,333
Bothrops,333
Neokoehleria,334
Microchilus,334
Artorima,334
Plectorrhiza,334
Truncatoguynia,334
Micrurus,335
Aa,338
Semnopithecus,341
Cheiloporidion,343
Apostasia,343
Restrepiella,350
Pyrrhula,355
Balaeniceps,355
Calibanus,357
Lophaetus,358
Geoclemys,359
Nemaconia,361
Centroglossa,361
Eclecticus,362
Coeliopsis,362
Stephanocyathus,364
Buteogallus,368
Ocreatus,373
Teuscheria,374
Archaius,379
Rhipidoglossum,380
Eparmatostigma,382
Mycetophyllia,383
Cyclanorbis,388
Haplophaedia,389
Phyllomedusa,389
Cuon,392
Crowea,393
Callostylis,394
Polihierax,395
Eupetomena,397
Budorcas,398
Bolbopsittacus,399
Uncarina,403
Neotis,403
Pteridophora,408
Heliothryx,409
Pseudoscops,412
Kaupifalco,413
Diadenium,416
Angraecopsis,416
Lacaena,422
Teagueia,424
Chalybura,424
Chrysoglossum,425
Hippeophyllum,426
Malimbus,430
Penelopides,430
Microterangis,430
Eugenes,433
Inferiolabiata,433
Petrophyllia,435
Javania,448
Oreorchis,449
Quiabentia,450
Weberocereus,451
Prescottia,451
Amblyospiza,453
Ortalis,456
Phoenicoparrus,457
Berardius,457
Maihuenia,458
Hylocharis,459
Arctictis,463
Aetheorhyncha,467
Procolobus,467
Kegeliella,468
Doryfera,468
Erythrodes,470
Bugeranus,475
Castellanosia,477
Polemaetus,479
Coeloseris,479
Pseudoscaphirhynchus,481
Kuhlhasseltia,481
Lithophaga,483
Catopuma,484
Gubernatrix,486
Pristis,486
Manicina,492
Leucochloris,494
Chitra,498
Glaucostegus,500
Chasmistes,500
Pimelea,500
Erythrastrea,502
Crypthelia,503
Butastur,505
Peltocephalus,505
Microhierax,508
Glomera,510
Babyrousa,510
Astrangia,518
Cryptospiza,520
Triclaria,527
Vipera,528
Drosera,530
Milvago,531
Calyptrochilum,532
Naemorhedus,533
Sturnus,541
Stephanophyllia,542
Aglaiocercus,545
Lobivia hybrid,546
Chalcostigma,547
Phrynosoma,551
Oxyura,554
Pudu,560
Colpophyllia,560
Eriocnemis,561
Peristylus,565
Vini,566
Sacalia,566
Aspidogyne,569
Neogyna,571
Leioheterodon,577
Platyrhiza,577
Pelexia,578
Dichromanthus,585
Notophyllia,586
Tunilla,587
Aythya,589
Pteronetta,596
Asarcornis,597
Rhina,600
Parotia,604
Paracyathus,606
Casarea,607
Gavialis,615
Daubentonia,618
Monadenia,626
Tamandua,627
Tipularia,631
Aceros,634
Lamprotornis,636
Chrysemys,640
Atropoides,641
Surnia,642
Bolusiella,655
Serapias,655
Latimeria,657
Heterocyathus,661
Scapophyllia,663
Calyptocephalella,664
Anacamptis,669
Geranoaetus,670
Eutoxeres,671
Chelodina,677
Palleon,679
Giraffa,680
Ticoglossum,684
Papilio,689
Antilocapra,689
Holacanthus,692
Dichocoenia,694
Gymnoris,700
Hofmeisterella,700
Eusmilia,702
Anaplectes,702
Axis,705
Cynomys,705
Glaucis,706
Acianthus,707
Siphonochilus,708
Spilocuscus,710
Trematotrochus,710
Adansonia,711
Selenipedium,721
Fungiacyathus,721
Archilochus,723
Pennilabium,723
Hyloxalus,724
Geohintonia,724
Bostrychia,730
Circaetus,731
Torgos,735
Hexaprotodon,738
Biermannia,739
Melanochelys,741
Dinema,742
Feresa,742
Melopsittacus,743
Paradoxurus,752
Oculina,753
Zeuxine,759
Muscarella,759
Trizeuxis,764
Microtis,765
Thelasis,770
Prosopeia,774
Phalcoboenus,775
Tinamus,780
Spizaetus,787
Callocephalon,793
Calopogon,794
Eira,794
Plocepasser,800
Chlorostilbon,803
Ninox,804
Lophorina,809
Turdus,811
Phloeophila,816
Benzingia,816
Yucca,822
Collabium,822
Threnetes,830
Tridactyle,833
Bungarus,838
Dendrocereus,840
Phalanger,845
Alluaudiopsis,845
Trigonoceps,870
Solenangis,883
Eunymphicus,883
Cacajao,891
Brachionidium,891
Pulsatrix,894
Mazama,894
Acanthocalycium,895
Lophotis,902
Chiropotes,905
Viverricula,907
Satranala,917
Phigys,922
Presbytis,933
Solenidium,934
Spilornis,935
Pitta,940
Strigops,942
Chondroscaphe,948
Dasyprocta,957
Paradisanthus,968
Holothuria,973
Elachistodon,973
Bubulcus,977
Namazonurus,980
Blastocerus,987
Plocoglottis,990
Lagenodelphis,994
Stephanoaetus,996
Bothrochilus,999
Helioseris,1000
Astrapia,1005
Rhampholeon,1005
Afrormosia,1021
Stenotyla,1022
Acerodon,1022
Gennaria,1025
Mexipedium,1030
Pandion,1037
Rupicapra,1042
Frerea,1047
Ketupa,1051
Tridacna hybrid,1051
Plectropterus,1051
Ephemerantha,1053
Neogardneria,1058
Deiregyne,1060
Hippocamelus,1061
Stylocoeniella,1064
Mirza,1066
Lemboglossum,1068
Clelia,1077
Andinobates,1078
Terathopius,1079
Ascoglossum,1093
Diploprora,1097
Pleurothallopsis,1102
Ahaetulla,1109
Graphorkis,1109
Gymnogyps,1110
Caracara,1116
Gardineroseris,1118
Nasalis,1121
Magnolia,1123
Niltava,1128
Ozotoceros,1130
Bassariscus,1131
Ephippiorhynchus,1149
Paraerrina,1150
Patagona,1151
Renantherella,1153
Anthracothorax,1156
Chroniochilus,1156
Penelope,1162
Harpia,1162
Aegolius,1176
Gypohierax,1181
Bryobium,1187
Bothriechis,1190
Stauropathes,1196
Sarcoglyphis,1203
Lankesterella,1207
Tomistoma,1214
Totoaba,1219
Sagittarius,1230
Stichorkis,1236
Nomascus,1239
Andrias,1240
Pauxi,1243
Chiloglottis,1249
Adelomyia,1253
Speothos,1253
Cadetia,1264
Dressleria,1265
Neophron,1268
Elanus,1272
Lissodelphis,1283
Excidobates,1297
Nanger,1313
Karusaurus,1313
Myrmecophaga,1315
Tetramicra,1319
Soterosanthus,1323
Astroides,1340
Conopora,1370
Thecopus,1370
Zosterops,1375
Stichopathes,1377
Zygosepalum,1377
Omoea,1379
Dienia,1383
Mussismilia,1387
Dendrobathypathes,1402
Geoemyda,1411
Eurychone,1413
Sphenodon,1421
Solenastrea,1423
Phoebastria,1427
Peniocereus,1442
Selasphorus,1445
Sanzinia,1446
Nimbaphrynoides,1448
Heliodoxa,1459
Psychilis,1459
Atelopus,1477
Trochocyathus,1480
Oreotrochilus,1482
Rangaeris,1482
Isophyllia,1494
Theropithecus,1500
Otochilus,1501
Pygathrix,1506
Ciconia,1508
Welwitschia,1540
Cephalanthera,1546
Hieraaetus,1547
Pteronura,1553
Nipponia,1569
Otolemur,1594
Caecobarbus,1605
Proteles,1610
Monomeria,1614
Othonna,1618
Pterocactus,1618
Harpyopsis,1622
Acanthosaura,1640
Pantholops,1640
Callicebus,1645
Platalea,1657
Bergerocactus,1657
Aglaeactis,1688
Loxocemus,1690
Heliangelus,1698
Rucervus,1698
Eupodotis,1709
Phreatia,1716
Drymoda,1717
Shinisaurus,1724
Mila,1728
Pterocnemia,1732
Escontria,1752
Tylototriton,1757
Rupicola,1758
Austrocactus,1761
Gastrorchis,1762
Aphanipathes,1764
Trochilus,1767
Pabstiella,1774
Ailurus,1775
Prolemur,1783
Meandrina,1793
Campylopterus,1821
Ponthieva,1823
Homalopetalum,1830
Fouquieria,1841
Cylindrolobus,1841
Threskiornis,1851
Marojejya,1867
Ancistrochilus,1869
Paramesotriton,1871
Viverra,1877
Lampornis,1882
Myoxanthus,1887
Leucocephalon,1900
Boiga,1906
Egretta,1918
Neofelis,1918
Podabacia,1949
Warmingia,1954
Chelonistele,1954
Cladopsammia,1961
Neomoorea,1962
Eulophiella,1968
Glyptemys,1977
Psammobates,1980
Alamania,1982
Rhynchobatus,1985
Brachylophus,1989
Grampus,1992
Hexapathes,2001
Ouroborus,2009
Sarcoglottis,2014
Allobates,2024
Neocogniauxia,2034
Symphalangus,2057
Nidema,2081
Lampsilis,2087
Ziphius,2087
Plumapathes,2088
Psittrichas,2090
Diplocaulobium,2095
Leptopsammia,2098
Macropodanthus,2110
Emydoidea,2112
Coscinaraea,2121
Sunipia,2126
Necrosyrtes,2127
Thalurania,2139
Barabattoia,2142
Adenia,2145
Abies,2151
Kogia,2183
Peponocephala,2186
Caladenia,2215
Pseudorca,2225
Monachus,2235
Herpailurus,2236
Pseudoryx,2237
Caloenas,2238
Hypargos,2240
Otoglossum,2243
Rhincodon,2249
Homopus,2267
Gallicolumba,2271
Parnassius,2293
Chytroglossa,2296
Zonosaurus,2297
Cyanoptila,2302
Lycomormium,2306
Panisea,2310
Acharagma,2312
Tremarctos,2314
Cyanopsitta,2325
Schlimia,2340
Calypso,2363
Warrea,2370
Metallura,2373
Coenocyathus,2374
Hyperoodon,2406
Zygosicyos,2410
Dasylirion,2412
Miopithecus,2412
Inia,2420
Anathallis,2436
Ardea,2437
Hexisea,2445
Agrostophyllum,2461
Cerdocyon,2465
Geronticus,2486
Taeniophyllum,2495
Sotalia,2516
Cleisomeria,2516
Thecostele,2527
Brachyteles,2545
Bhutanitis,2568
Pangasianodon,2596
Pithecia,2597
Pionopsitta,2632
Crepidium,2649
Leptocereus,2655
Crinifer,2657
Lueddemannia,2681
Cyclagras,2692
Corythaeola,2709
Andinia,2713
Cuniculus,2724
Dudleya,2735
Deltocyathus,2737
Nolina,2750
Hylobates,2778
Leucopsar,2784
Crossoptilon,2799
Mediocalcar,2802
Steno,2808
Scelochilus,2819
Dresslerella,2828
Mormolyca,2834
Pernis,2844
Trionyx,2849
Stephanocoenia,2857
Polyonymus,2860
Eleorchis,2865
Dendrolagus,2870
Podangis,2871
Lophelia,2926
Cladopathes,2933
Aonyx,2934
Platanthera,2938
Indri,2976
Turnix,3006
Platysternon,3026
Clemmys,3027
Capricornis,3029
Vultur,3040
Trachoma,3071
Perodicticus,3075
Praecereus,3092
Leucippus,3122
Stilifolium,3132
Cyclopogon,3154
Palauastrea,3156
Diplomeris,3164
Pangshura,3178
Pereskia,3184
Cryptopus,3219
Colinus,3245
Mycaranthes,3247
Lepanthopsis,3256
Pseudolaelia,3271
Microcoelia,3298
Gypaetus,3319
Podochilus,3323
Miltonioides,3324
Rhodopis,3325
Beclardia,3325
Galeottia,3334
Bromheadia,3448
Pelochelys,3465
Oeoniella,3521
Pabstia,3526
Dipodium,3531
Geoffroyus,3536
Solenosmilia,3558
Thelymitra,3588
Boselaphus,3594
Cirrhaea,3597
Cryptochilus,3699
Anacropora,3707
Addax,3724
Neowerdermannia,3730
Sporopipes,3742
Diodonopsis,3757
Cephalorhynchus,3761
Parantipathes,3770
Rhynchopsitta,3774
Grobya,3775
Herpestes,3783
Trachypithecus,3785
Coeligena,3815
Prioniturus,3822
Neophocaena,3831
Rhizotrochus,3832
Laeliocattleya,3835
Sarkidiornis,3839
Enhydra,3847
Ctenosaura,3857
Ornithochilus,3862
Coelia,3863
Cyphostemma,3864
Paradisaea,3876
Trichipteris,3886
Sclerhelia,3889
Hippotragus,3911
Flabellum,3914
Guarouba,3925
Avahi,3933
Tragopan,3940
Neottia,3949
Antaresia,3959
Stenorrhynchos,4009
Marmota,4012
Sulcorebutia,4018
Arpophyllum,4033
Choloepus,4047
Cystorchis,4049
Probosciger,4053
Milvus,4055
Nyctocereus,4067
Mesoplodon,4079
Madracis,4082
Hemipilia,4089
Pontoporia,4104
Odontochilus,4133
Batemannia,4149
Crax,4160
Diaphananthe,4166
Truncatoflabellum,4176
Lesbia,4183
Leochilus,4196
Florisuga,4212
Galearis,4219
Diuris,4223
Acrantophis,4225
Nephelaphyllum,4239
Lophophorus,4251
Alopochen,4252
Potos,4284
Chrysocyon,4305
Aspidites,4311
Callimico,4317
Bradypus,4361
Stereochilus,4381
Grammangis,4392
Brachypeza,4416
Porpax,4428
Armatocereus,4437
Sarcogyps,4466
Stenoglottis,4558
Aphonopelma,4564
Coscoroba,4602
Acriopsis,4619
Plectrophora,4625
Embreea,4647
Micromussa,4710
Beccariophoenix,4715
Lophura,4720
Lophocebus,4763
Campylocentrum,4774
Oulastrea,4784
Koellensteinia,4853
Zootrophion,4893
Chaubardia,4912
Cyrtorchis,4917
Meiracyllium,4936
Guarianthe,4956
Oreopsittacus,4993
Trichotosia,5007
Rudolfiella,5044
Myrtis,5062
Oeonia,5115
Garrulax,5129
Ratufa,5141
Desmophyllum,5164
Chaubardiella,5182
Phocoenoides,5188
Hapalemur,5203
Sousa,5230
Cryptoprocta,5259
Nyctea,5268
Thaumastura,5314
Diospyros,5338
Oreomunnea,5409
Teratoscincus,5410
Dioscorea,5454
Glossopsitta,5459
Crispatotrochus,5473
Passer,5499
Specklinia,5596
Parabuteo,5611
Rhyticeros,5651
Facheiroa,5664
Bathypathes,5680
Eschrichtius,5680
Erymnochelys,5687
Circus,5764
Copsychus,5768
Ophrys,5790
Polycycnis,5796
Lichanura,5799
Rollulus,5806
Natator,5818
Xylobium,5824
Sievekingia,5835
Plectrelminthus,5838
Tragelaphus,5894
Cleisocentron,5895
Phymatidium,5941
Stenia,5962
Calyptorhynchus,5973
Eriopsis,5981
Brasilicereus,6024
Cynorkis,6116
Trichosalpinx,6157
Isochilus,6161
Sigmatostalix,6181
Dendrophylax,6195
Pteroceras,6313
Dermatemys,6321
Tapirus,6326
Nervilia,6349
Martes,6351
Satyrium,6358
Saccolabium,6364
Appendicula,6366
Ardeotis,6371
Purpureicephalus,6373
Dimerandra,6379
Dendrogyra,6398
Maihueniopsis,6452
Piliocolobus,6497
Heloderma,6517
Ammotragus,6542
Leptoptilos,6555
Lagothrix,6568
Goura,6578
Geleznowia,6602
Domingoa,6622
Chondrorhyncha,6720
Cheirogaleus,6725
Dogania,6795
Octomeria,6846
Adenoncos,6885
Cephalophus,6889
Cochleanthes,6912
Colibri,6976
Pygmaeocereus,6987
Darlingtonia,7000
Cymbidiella,7005
Aganisia,7010
Flickingeria,7138
Pinalia,7222
Cephalantheropsis,7264
Harrisia,7274
Trichoceros,7324
Cygnus,7325
Stangeria,7341
Mystacidium,7385
Boronia,7417
Tupaia,7442
Cryptostylis,7443
Australogyra,7452
Pseudocordylus,7460
Nesocharis,7469
Caryophyllia,7553
Nigrita,7568
Glaucidium,7598
Cischweinfia,7604
Nycticebus,7666
Apodora,7672
Chersina,7683
Adelphobates,7751
Tiliqua,7755
Constantia,7756
Macroclinium,7786
Fregata,7801
Acrhelia,7862
Lagorchestes,7910
Gazella,7918
Erasanthe,8065
Manta,8078
Branta,8132
Ansellia,8171
Macradenia,8191
Nasua,8214
Ceratocentron,8238
Quelea,8335
Sobennikoffia,8341
Papasula,8374
Ateles,8394
Neopsittacus,8397
Senna,8453
Enicognathus,8483
Nestor,8547
Scaphyglottis,8552
Bradypodion,8650
Anthogonium,8714
Catreus,8718
Cervus,8735
Northiella,8747
Helarctos,8799
Fernandezia,8927
Sarcophyton,9061
Carduelis,9095
Acampe,9103
Lathamus,9112
Strix,9208
Struthio,9238
Elleanthus,9257
Cercocebus,9259
Dimorphorchis,9309
Osteolaemus,9325
Malaxis,9349
Cephalotus,9397
Dicerorhinus,9440
Bletia,9542
Houlletia,9556
Asio,9609
Grosourdya,9692
Microsaccus,9728
Hymenorchis,9744
Anodorhynchus,9835
Luisia,9865
Dama,9909
Pelatantheria,9935
Anthropoides,9978
Palea,10000
Leontopithecus,10068
Neoceratodus,10075
Syrmaticus,10116
Malayemys,10289
Caularthron,10354
Clowesia,10370
Ptilopsis,10393
Geodorum,10444
Lepilemur,10465
Tarsius,10500
Cyclopsitta,10674
Gopherus,10719
Errina,10728
Enallopsammia,10750
Melanosuchus,10913
Notochelys,11040
Argusianus,11065
Aspasia,11082
Dendrolirium,11220
Barbosella,11248
Dossinia,11304
Oeceoclades,11384
Pomatocalpa,11385
Zaocys,11395
Neobathiea,11606
Erythrocebus,11627
Ortegocactus,11637
Tethocyathus,11652
Meleagris,11686
Bombycilla,11712
Cetorhinus,11743
Siderastrea,11941
Scaphiophryne,11946
Dendrocygna,11984
Saara,11992
Varecia,12076
Cuitlauzina,12079
Acineta,12091
Tyto,12097
Buceros,12099
Podocarpus,12123
Amblyrhynchus,12131
Romerolagus,12188
Grusonia,12227
Polycyathus,12238
Poephila,12327
Treron,12341
Phaethornis,12392
Micropera,12400
Eryx,12400
Orcaella,12405
Acanthophippium,12406
Galago,12492
Psitteuteles,12986
Brachycorythis,13012
Nettapus,13041
Lutrogale,13073
Amazilia,13128
Tribolonotus,13221
Warczewiczella,13249
Acianthera,13311
Lagenorhynchus,13461
Spiranthes,13516
Cremastra,13719
Plesiastrea,13729
Zygostates,13760
Dichaea,13805
Conolophus,13899
Crotalus,13926
Christensonia,14120
Gymnadenia,14160
Denmoza,14176
Prepusa,14350
Gardineria,14364
Anneliesia,14462
Odocoileus,14544
Nesoenas,14721
Pteroglossus,14760
Macropidia,14854
Vandopsis,14979
Eudocimus,14991
Neodypsis,15105
Vulpes,15138
Huntleya,15196
Orcinus,15332
Porroglossum,15364
Leptailurus,15441
Trisetella,15598
Zelenkoa,15602
Dyscophus,15689
Capanemia,15745
Coracopsis,16214
Polystachya,16275
Voanioala,16298
Mellivora,16371
Unio,16580
Corybas,16588
Carettochelys,16588
Gomesa,16869
Antilope,16932
Dryadella,17006
Trichechus,17040
Rhacodactylus,17067
Scuticaria,17339
Philantomba,17356
Pterostylis,17370
Oberonia,17372
Pycnonotus,17405
Scaphosepalum,17571
Otis,17813
Jumellea,17890
Diploria,18255
Platystele,18325
Alouatta,18354
Oryx,18401
Erycina,18536
Smitinandia,18872
Lockhartia,18888
Xylomelum,18951
Ailuropoda,19241
Musophaga,19426
Nectophrynoides,19520
Chysis,19547
Isabelia,19726
Trias,19748
Telipogon,19775
Peristeria,19881
Ameerega,20291
Pholidota,20313
Hygrochilus,20542
Mandrillus,20605
Dugong,20653
Arthrocereus,20673
Kingidium,20687
Delphinus,20704
Tanygnathus,20706
Balaena,20782
Cumulopuntia,20877
Kefersteinia,21104
Thunia,21226
Paphinia,21315
Cycloseris,21379
Rossioglossum,21595
Aeranthes,22048
Pinus,22294
Phyllobates,22510
Pyxis,22578
Notylia,22670
Epipedobates,22904
Scaphirhynchus,23033
Balanophyllia,23074
Anguloa,23300
Eubalaena,23961
Psammocora,24263
Prosthechea,24403
Cyrtopodium,24492
Psilopsiagon,25353
Aegypius,25441
Nautilus,25476
Sudamerlycaste,25510
Epipactis,25631
Pescatoria,25687
Astreopora,25695
Ceratostylis,25721
Hatoria hybrid,26189
Otus,26441
Lemurophoenix,26476
Oulophyllia,26656
Damaliscus,26698
Colobus,26812
Heteropsammia,27025
Lemur,27067
Deroptyus,27294
Australomussa,27534
Cyrtochilum,27693
Liasis,27789
Papustyla,27808
Coryanthes,27895
Eulophia,27930
Aprosmictus,28281
Conospermum,28424
Robiquetia,28755
Ornithocephalus,28764
Bison,28936
Leiopathes,29557
Xenopeltis,29670
Caucaea,29711
Hypancistrus,29844
Polyplectron,30255
Rhinoceros,30333
Mormodes,30394
Sarcochilus,30643
Smaug,30856
Primolius,30862
Leptoseris,30990
Comparettia,31302
Didierea,31505
Goodyera,32002
Paroaria,32208
Stelis,32500
Tachigali,32570
Batagur,32664
Balearica,32862
Frailea,33020
Athene,33025
Stephanocereus,33140
Psittaculirostris,33186
Cirrhopetalum,33350
Globicephala,33561
Barnardius,34349
Promenaea,34515
Propithecus,34638
Astrochelys,34945
Barkeria,35108
Psittinus,35128
Pseudeos,35215
Diploastrea,35399
Macodes,35452
Spheniscus,35589
Anthracoceros,36082
Trichopilia,36168
Corucia,36362
Lewisia,36822
Mobula,37078
Arrojadoa,37711
Eulemur,37988
Aztekium,38175
Leiopython,38416
Buteo,38755
Brasiliopuntia,38880
Otocolobus,39178
Dyakia,39183
Leptotes,39306
Bifrenaria,39474
Sandalolitha,39809
Lepismium,40086
Galeandra,40207
Sobralia,40271
Brookesia,40401
Rhynchostele,40711
Operculicarya,41217
Dermochelys,41289
Tauraco,41344
Cyclura,41494
Mussa,41662
Cebus,41768
Epigeneium,41914
Manouria,42087
Cipocereus,42361
Orthopsittaca,42511
Bubo,42930
Spermophaga,44090
Cupressopathes,44215
Adonis,44403
Calabaria,45409
Rhyncholaelia,45913
Gongylophis,46006
Caracal,46035
Ovis,46267
Kobus,46723
Corryocactus,46859
Aldabrachelys,46998
Ctenactis,47529
Accipiter,48078
Phocoena,48163
Aotus,48625
Schomburgkia,48873
Restrepia,49406
Lutra,49867
Ceratozamia,50214
Liliaceae hybrid,50240
Carcharodon,50448
Diceros,50845
Dipteryx,51926
Puma,52327
Charmosyna,52388
Cercopithecus,52564
Saguinus,52763
Phoeniconaias,52804
Ranitomeya,52852
Miltoniopsis,53011
Doritis,53077
Alisterus,54056
Stenella,54076
Camellia,54237
Halomitra,54946
Mirounga,54990
Consolea,55092
Ceratotherium,55110
Gongora,55202
Orlitia,55407
Gyps,57345
Microcebus,57430
Broughtonia,58410
Trillium,58866
Dactylorhiza,59097
Pyrenestes,59602
Leptoria,59814
Tursiops,60618
Delphinapterus,60715
Tropidophis,60923
Pongo,61597
Lithophyllon,62261
Ortygospiza,64805
Chalcopsitta,65457
Distichopora,65977
Lithobates,66133
Ramphastos,66288
Terrapene,67050
Grus,67663
Selaginella,68414
Megaptera,71127
Pilgerodendron,71238
Trichocentrum,71592
Moseleya,72227
Dryandra,72358
Phoenicopterus,72759
Picrorhiza,73696
Jacquiniella,73959
Lamna,74438
Cyphastrea,74654
Stylaster,74780
Turtur,74797
Caretta,74860
Amesiella,74940
Monodon,75320
Diopsittaca,75643
Lodoicea,76438
Physignathus,77837
Oxypora,78384
Myrmecophila,78442
Avonia,79192
Leptastrea,82109
Lepidozamia,82380
Bolborhynchus,83306
Acanthophyllia,83679
Eria,87198
Paleosuchus,88179
Arnica,90113
Anoectochilus,92803
Eolophus,92976
Tephrocactus,93677
Malaclemys,93946
Capra,94137
Calumma,95139
Epicrates,95467
Lepidochelys,96653
Neopsephotus,96689
Ionopsis,98914
Seidenfadenia,100288
Haliaeetus,100988
Ophiophagus,101954
Stanhopea,103980
Lepanthes,103990
Trichoglottis,104576
Alocasia,104578
Potamotrygon,104834
Borzicactus,109312
Dracula,110242
Tuberolabium,111016
Acinonyx,111256
Malacochersus,112797
Polytelis,112930
Menyanthes,115848
Pteropus,117440
Ponerorchis,117477
Candoia,117593
Papilionanthe,117645
Matucana,118323
Pogonia,118629
Enhydris,121717
Lycaste,121769
Rodriguezia,122085
Aerangis,122356
Uebelmannia,122387
Verticordia,122444
Eclectus,123371
Dendrophyllia,123767
Herpolitha,126492
Pachyseris,126802
Pelusios,128919
Pan,134331
Cleisostoma,134410
Cyclemys,135189
Micranthocereus,138431
Hystrix,138939
Aquila,139183
Holcoglossum,140395
Chiloschista,141730
Cyanoramphus,142377
Agave,142611
Pionites,143437
Neophema,150482
Uroplatus,152100
Bos,152244
Madrepora,154866
Columba,157984
Mandingoa,158314
Neobuxbaumia,159332
Saimiri,159715
Loriculus,161825
Trogonoptera,162443
Alveopora,171145
Siebenrockiella,171462
Gorilla,172207
Forpus,174618
Sus,176950
Lissemys,177430
Pelecyphora,178683
Espostoopsis,178761
Geochelone,179061
Epithelantha,180224
Leuchtenbergia,181018
Gastrochilus,182145
Pleurothallis,183465
Obregonia,185447
Lycopodium,187626
Equus,190016
Chlamydotis,190549
Lorius,191993
Arisaema,193540
Lapemis,196863
Xenochrophis,197371
Aporocactus,198290
Dendrochilum,200282
Oroya,200685
Conepatus,201268
Oena,205187
Streptopelia,207134
Bettongia,207965
Cheilinus,212502
Apalone,213330
Liparis,215198
Schoenorchis,217583
Blossfeldia,219633
Phaius,220261
Sophronitis,221653
Eretmochelys,224587
Echinopora,224897
Psychopsis,225665
Pediocactus,226745
Alluaudia,230205
Arundina,234715
Coleocephalocereus,236217
Mycedium,239507
Pterapogon,240271
Tolumnia,241104
Catasetum,241388
Lophophora,242685
Corallus,243353
Thrixspermum,245290
Pelomedusa,246410
Oophaga,246535
Cyanoliseus,250045
Disa,256250
Paraphalaenopsis,267299
Phragmipedium,268233
Kinyongia,268382
Eos,269670
Trichoglossus,277230
Cycnoches,278798
Neolloydia,291640
Ambystoma,292855
Elephas,294539
Morelia,295873
Pionus,297769
Tainia,304358
Montastrea,307143
Brachypelma,308744
Callithrix,316784
Cordylus,319526
Anas,319723
Pyrrhura,330465
Brotogeris,336478
Bowenia,337503
Discocactus,353925
Escobaria,354977
Goniastrea,356450
Eriosyce,359387
Symphyllia,365116
Osyris,376125
Pseudorhipsalis,377485
Falco,388434
Strombocactus,388543
Zygopetalum,391467
Brassavola,392048
Duncanopsammia,397546
Dendrobates,400062
Pytilia,400508
Civettictis,420162
Angraecum,426945
Gracula,431374
Aerides,434099
Pectinia,434333
Browningia,445480
Gallus,445723
Coelogyne,452756
Millepora,462808
Nandayus,465931
Copiapoa,469819
Agalychnis,470162
Eguchipsammia,470203
Cistanche,473931
Gentiana,482012
Masdevallia,485133
Kinixys,487638
Neoraimondia,488833
Echinophyllia,490041
Polyphyllia,490271
Leiothrix,501674
Chinchilla,503110
Pfeiffera,503552
Blastomussa,511741
Heosemys,514624
Stenocactus,521765
Coryphantha,523789
Atretium,525872
Cynarina,529431
Canis,541622
Felis,542663
Physogyra,545067
Renanthera,546777
Isurus,547496
Ara,550287
Sclerocactus,558126
Cetraria,570614
Sphyrna,572187
Psephotus,572840
Encyclia,573244
Ploceus,577942
Dracaena,579339
Anigozanthos,584082
Acrochordus,591114
Merulina,618211
Weberbauerocereus,621057
Haageocereus,633871
Papio,637198
Chloraea,660721
Mantella,662434
Arachnis,674412
Macrochelys,688409
Platygyra,706161
Maxillaria,723914
Pavona,736283
Calochlaena,746180
Centrochelys,749632
Myriopathes,750551
Thelocactus,768316
Agaricia,768624
Trioceros,777338
Spathoglottis,782753
Furcifer,785203
Alopias,790957
Chelonoidis,804529
Odontoglossum,812332
Scolymia,840809
Acanthocereus,843967
Dioon,846358
Platycercus,847387
Tubastraea,893004
Anacampseros,911633
Dypsis,919039
Cacatua,919791
Amandava,933560
Stetsonia,934749
Arctostaphylos,965372
Lagonosticta,984415
Vanilla,993550
Amyda,995217
Favites,1001039
Vidua,1035775
Alsophila,1042159
Echinocereus,1043858
Acanthastrea,1048820
Encephalartos,1056907
Favia,1071637
Hydnophora,1075421
Mammilloydia,1092047
Podophyllum,1100228
Galaxea,1101778
Laelia,1121395
Prionailurus,1135899
Manis,1158029
Uromastyx,1162272
Ascocentrum,1164830
Indotestudo,1169040
Gyrinops,1172989
Ornithoptera,1249954
Vicugna,1253946
Stylophora,1266792
Macrozamia,1297480
Odobenus,1297821
Carcharhinus,1317558
Paubrasilia,1326881
Stigmochelys,1348631
Troides,1418485
Caulastraea,1418804
Bulbophyllum,1433129
Turbinicarpus,1450865
Chelydra,1461512
Ceropegia,1475183
Grammatophyllum,1478092
Seriatopora,1498784
Banksia,1500275
Cuora,1522400
Euplectes,1541324
Guibourtia,1553056
Trachemys,1569279
Psittacula,1577557
Miltonia,1632827
Habenaria,1643691
Oreocereus,1666443
Hippopotamus,1672339
Polaskia,1676996
Aratinga,1680117
Leopardus,1692208
Sedirea,1697708
Carnegiea,1698231
Gekko,1705319
Tayassu,1713387
Poicephalus,1730472
Eunectes,1767257
Dicksonia,1780235
Phelsuma,1785912
Rhea,1788184
Cephalocereus,1797146
Pachycereus,1798062
Tubipora,1805045
Chelonia,1809277
Uraeginthus,1823250
Amadina,1942737
Austrocylindropuntia,1944097
Ludisia,1967817
Chamaeleo,1981498
Turbinaria,2018782
Epidendrum,2042150
Ariocarpus,2079698
Fraxinus,2084476
Heliopora,2119641
Heliofungia,2125783
Lobophyllia,2137554
Amazona,2137654
Calanthe,2223900
Myrtillocactus,2278037
Lonchura,2340164
Myiopsitta,2451048
Montipora,2498199
Catalaphyllia,2539167
Pelodiscus,2558226
Plerogyra,2766459
Espostoa,2963061
Cypripedium,3017777
Neofinetia,3052647
Sarracenia,3074645
Psittacus,3088333
Pachypodium,3218440
Mauremys,3235523
Areca,3276656
Lontra,3277746
Melocactus,3298537
Araucaria,3339998
Rauvolfia,3409155
Quercus,3411196
Hydrastis,3546593
Pandinus,3597704
Trachyphyllia,3598311
Astrophytum,3675534
Physeter,3715818
Harpagophytum,3821570
Graptemys,3954086
Elaphe,3971038
Hippocampus,3972393
Porites,3991255
Estrilda,4082724
Antipathes,4100138
Boa,4186894
Ravenea,4330681
Cylindropuntia,4480251
Arctocephalus,4500192
Eulychnia,4534860
Selenicereus,4554466
Guaiacum,4571812
Euphlyctis,4603956
Rebutia,4987125
Cirrhipathes,5027953
Serinus,5042583
Ursus,5212270
Arapaima,5345514
Fitzroya,5465870
Pilosocereus,5787360
Epiphyllum,5950910
Lynx,5972427
Hatiora,6029314
Brassia,6075850
Scleropages,6247083
Saiga,6259529
Pleione,6381984
Paphiopedilum,6528109
Pecari,6553937
Cleistocactus,6587570
Fungia,6766350
Homalopsis,6898749
Podocnemis,6934014
Lycalopex,7003828
Testudo,7041463
Pecteilis,7124915
Cibotium,7488964
Hippopus,7550801
Agapornis,7610080
Isostichopus,8060090
Euphyllia,8089812
Lama,8181692
Bubalus,9056132
Pocillopora,9107691
Chrysalidocarpus,9108319
Ferocactus,9406289
Haliotis,9713604
Rhynchostylis,10183813
Disocactus,10467626
Tridacna,10473813
Beaucarnea,10691506
Stenocereus,10761663
Orchis,11621626
Sphaeropteris,11633692
Zamia,12312202
Cerberus,12585977
Daboia,13154091
Goniopora,13296149
Mustela,13780272
Tillandsia,15276449
Naja,15467346
Dionaea,16269004
Acropora,17613036
Hirudo,20545942
Tupinambis,20763562
Cattleya,20825886
Cereus,21784284
Nepenthes,21879399
Parodia,22135472
Opuntia,22190810
Aniba,22226124
Balaenoptera,23428271
Vanda,23556415
Panthera,25532716
Bletilla,26030914
Moschus,26063348
Swietenia,26661960
Polyodon,28713029
Pavo,29275534
Schlumbergera,29431525
Cedrela,29758488
Echinopsis,30504916
Echinocactus,30759926
Nardostachys,31572147
Cyathea,33643789
Iguana,34335215
Sternbergia,36216685
Oncidium,37007635
Cairina,39557010
Macaca,42009580
Mammillaria,43884204
Hoplobatrachus,45962661
Corallium,49199243
Pterocarpus,53636655
Hylocereus,56219045
Rhipsalis,58607828
Crocodylus,77211672
Ptyas,84661350
Huso,92236959
Strombus,107006724
Python,111891766
Gymnocalycium,115294891
Anguilla,115689693
Gastrodia,122071298
Salvator,141789194
Prunus,143366495
Panax,144517144
Hoodia,146679525
Taxus,147065875
Saussurea,163314308
Caiman,169702003
Alligator,177615118
Cyclamen,200280025
Cycas,206675962
Dalbergia,206836073
Loxodonta,226753742
Varanus,229544380
Aquilaria,242321802
Pericopsis,310804387
Chlorocebus,364050877
Cymbidium,584206927
Dendrobium,645412173
Phalaenopsis,797645471
Euphorbia,835648430
Gonystylus,1032717684
,1472955628
Galanthus,1564187182
Aloe,2375102044
Bulnesia,4326666754
Acipenser,6018961627
